{
    "nodes": [
        {
            "type": 1001,
            "position": {
                "x": -191.0,
                "y": -88.0
            }
        },
        {
            "type": 1102,
            "position": {
                "x": -584.2534400000001,
                "y": -137.95328
            }
        },
        {
            "type": 2002,
            "position": {
                "x": -371.20000000000005,
                "y": 19.200000000000003
            }
        }
    ],
    "edges": []
}